seed,N_total,N_crash,P_crash_mean,NIE,NDE,ATE,kappa,nie_std_per_unit,nde_std_per_unit
42,1000000,103732,0.10345600249668356,0.0022870488497791284,-0.06922375666227615,-0.06693670781249703,0.033038496609437376,0.0017156114016614044,0.07102616353400784
123,1000000,103203,0.10345131867334588,0.0022867075404419007,-0.06920489862036007,-0.06691819107991817,0.03304256759317254,0.0017148261352500367,0.07098642044938099
456,1000000,103384,0.10341090458530422,0.0022868503079555053,-0.06922990206508019,-0.06694305175712469,0.03303269598454337,0.0017172907519187798,0.0711187158499317
789,1000000,103482,0.1034202963855057,0.0022841282231745963,-0.06911332784187485,-0.06682919961870025,0.03304902678685186,0.0017149509210800777,0.071003360124449
2026,1000000,103875,0.10343617255926314,0.0022849394352404233,-0.06914454143868536,-0.06685960200344493,0.03304583973944809,0.001715459680893373,0.07103536311523688
